{"client":"Thunder Client","collectionName":"Average Level Pemahaman API","dateExported":"2021-12-14T17:34:25.250Z","version":"1.1","folders":[],"requests":[{"containerId":"","sortNum":10000,"headers":[{"name":"Accept","value":"*/*"},{"name":"User-Agent","value":"Thunder Client (https://www.thunderclient.io)"}],"colId":"b7bf5090-9cd8-46f6-ae2a-dc9f675da955","name":"getSkalaPemahamanbyMahasiswa(nim)","url":"localhost:5001/monitoring/common/getSkalaPemahamanByMahasiswa/181524002","method":"GET","modified":"2021-12-14T17:33:20.934Z","created":"2021-12-14T17:33:12.946Z","_id":"69ab0ebf-2f18-4f41-93f2-185c020818f3","params":[],"tests":[]}]}
