{"client":"Thunder Client","collectionName":"Mahasiswa API","dateExported":"2021-12-17T10:35:25.207Z","version":"1.1","folders":[],"requests":[{"containerId":"","sortNum":10000,"headers":[{"name":"Accept","value":"*/*"},{"name":"User-Agent","value":"Thunder Client (https://www.thunderclient.io)"}],"colId":"d27459a2-1095-4b31-8c98-6805fce64b4d","name":"getAllMahasiswa","url":"localhost:5001/mahasiswa/AllMahasiswa","method":"GET","modified":"2021-12-17T10:35:15.151Z","created":"2021-12-17T10:35:09.329Z","_id":"a65b7e97-a165-4698-b5bc-33bb9ed976af","params":[],"tests":[]}]}
