{"client":"Thunder Client","collectionName":"New Service Monitoring API","dateExported":"2021-11-30T15:18:29.563Z","version":"1.1","folders":[],"requests":[{"containerId":"","sortNum":10000,"headers":[{"name":"Accept","value":"*/*"},{"name":"User-Agent","value":"Thunder Client (https://www.thunderclient.io)"}],"colId":"e18b0db3-6bd6-4477-bbbf-58843ffb3072","name":"getRekapSubtugasMahasiswaById","url":"http://localhost:5001/Mahasiswa/getRekapSubtugasMahasiswaById/181524002","method":"GET","modified":"2021-11-30T15:18:08.720Z","created":"2021-11-30T15:17:37.740Z","_id":"db8c07ba-01ea-4d96-96f2-9ba5ef90206c","params":[],"tests":[]}]}
