{"client":"Thunder Client","collectionName":"Backend New Routes","dateExported":"2021-11-29T10:57:46.599Z","version":"1.1","folders":[],"requests":[{"containerId":"","sortNum":10000,"headers":[{"name":"Accept","value":"*/*"},{"name":"User-Agent","value":"Thunder Client (https://www.thunderclient.io)"}],"colId":"cfa3520a-63b3-434c-95b3-601e3adebb6b","name":"Get Jadwal by Kelas and Hari","url":"localhost:14418/jadwal/kelas/1803?hari=1","method":"GET","modified":"2021-11-29T10:57:34.623Z","created":"2021-11-29T10:57:26.475Z","_id":"3606ab63-1200-4775-8ae3-3034f762b639","params":[{"name":"hari","value":"1","isPath":false}],"tests":[]}]}
